section,hour,mw
F1.1,0,0.56
F1.1,1,0.54
F1.1,2,0.51
F1.1,3,0.47
F1.1,4,0.49
F1.1,5,0.58
F1.1,6,0.79
F1.1,7,0.96
F1.1,8,0.87
F1.1,9,0.81
F1.1,10,0.83
F1.1,11,0.81
F1.1,12,0.88
F1.1,13,0.79
F1.1,14,0.8
F1.1,15,0.85
F1.1,16,0.91
F1.1,17,1.19
F1.1,18,1.35
F1.1,19,1.21
F1.1,20,1.11
F1.1,21,1.02
F1.1,22,0.87
F1.1,23,0.67
F1.2,0,0.41
F1.2,1,0.39
F1.2,2,0.37
F1.2,3,0.38
F1.2,4,0.42
F1.2,5,0.49
F1.2,6,0.68
F1.2,7,1.02
F1.2,8,1.25
F1.2,9,1.39
F1.2,10,1.37
F1.2,11,1.31
F1.2,12,1.37
F1.2,13,1.37
F1.2,14,1.39
F1.2,15,1.29
F1.2,16,1.29
F1.2,17,1.09
F1.2,18,0.81
F1.2,19,0.69
F1.2,20,0.6
F1.2,21,0.54
F1.2,22,0.5
F1.2,23,0.44
F1.3,0,0.51
F1.3,1,0.45
F1.3,2,0.41
F1.3,3,0.41
F1.3,4,0.43
F1.3,5,0.51
F1.3,6,0.66
F1.3,7,0.8
F1.3,8,0.73
F1.3,9,0.7
F1.3,10,0.7
F1.3,11,0.69
F1.3,12,0.7
F1.3,13,0.71
F1.3,14,0.7
F1.3,15,0.72
F1.3,16,0.78
F1.3,17,0.96
F1.3,18,1.1
F1.3,19,1.11
F1.3,20,0.99
F1.3,21,0.85
F1.3,22,0.7
F1.3,23,0.55
F1.4,0,1.07
F1.4,1,1.11
F1.4,2,1.14
F1.4,3,1.1
F1.4,4,1.11
F1.4,5,1.21
F1.4,6,1.44
F1.4,7,1.68
F1.4,8,1.64
F1.4,9,1.61
F1.4,10,1.66
F1.4,11,1.53
F1.4,12,1.52
F1.4,13,1.67
F1.4,14,1.61
F1.4,15,1.56
F1.4,16,1.44
F1.4,17,1.37
F1.4,18,1.34
F1.4,19,1.19
F1.4,20,1.25
F1.4,21,1.22
F1.4,22,1.2
F1.4,23,1.15
F2.1,0,0.65
F2.1,1,0.56
F2.1,2,0.54
F2.1,3,0.51
F2.1,4,0.51
F2.1,5,0.65
F2.1,6,0.85
F2.1,7,0.98
F2.1,8,0.98
F2.1,9,0.91
F2.1,10,0.86
F2.1,11,0.87
F2.1,12,0.93
F2.1,13,0.91
F2.1,14,0.88
F2.1,15,0.89
F2.1,16,0.96
F2.1,17,1.2
F2.1,18,1.35
F2.1,19,1.38
F2.1,20,1.31
F2.1,21,1.12
F2.1,22,0.92
F2.1,23,0.75
F2.2,0,0.82
F2.2,1,0.84
F2.2,2,0.81
F2.2,3,0.76
F2.2,4,0.78
F2.2,5,0.86
F2.2,6,1.05
F2.2,7,1.11
F2.2,8,1.15
F2.2,9,1.21
F2.2,10,1.18
F2.2,11,1.13
F2.2,12,1.12
F2.2,13,1.18
F2.2,14,1.14
F2.2,15,1.13
F2.2,16,1.13
F2.2,17,1.08
F2.2,18,1.04
F2.2,19,1.03
F2.2,20,0.94
F2.2,21,0.93
F2.2,22,0.89
F2.2,23,0.84
F2.3,0,0.43
F2.3,1,0.42
F2.3,2,0.38
F2.3,3,0.36
F2.3,4,0.38
F2.3,5,0.46
F2.3,6,0.57
F2.3,7,0.69
F2.3,8,0.68
F2.3,9,0.66
F2.3,10,0.6
F2.3,11,0.64
F2.3,12,0.67
F2.3,13,0.64
F2.3,14,0.6
F2.3,15,0.67
F2.3,16,0.74
F2.3,17,0.88
F2.3,18,0.97
F2.3,19,0.99
F2.3,20,0.89
F2.3,21,0.79
F2.3,22,0.63
F2.3,23,0.53
F2.4,0,0.37
F2.4,1,0.36
F2.4,2,0.38
F2.4,3,0.38
F2.4,4,0.38
F2.4,5,0.47
F2.4,6,0.64
F2.4,7,1.02
F2.4,8,1.23
F2.4,9,1.29
F2.4,10,1.27
F2.4,11,1.21
F2.4,12,1.28
F2.4,13,1.2
F2.4,14,1.31
F2.4,15,1.29
F2.4,16,1.15
F2.4,17,0.94
F2.4,18,0.81
F2.4,19,0.68
F2.4,20,0.56
F2.4,21,0.49
F2.4,22,0.44
F2.4,23,0.41
F3.1,0,0.52
F3.1,1,0.49
F3.1,2,0.45
F3.1,3,0.43
F3.1,4,0.44
F3.1,5,0.55
F3.1,6,0.71
F3.1,7,0.86
F3.1,8,0.83
F3.1,9,0.81
F3.1,10,0.77
F3.1,11,0.72
F3.1,12,0.77
F3.1,13,0.75
F3.1,14,0.78
F3.1,15,0.79
F3.1,16,0.85
F3.1,17,1.03
F3.1,18,1.22
F3.1,19,1.22
F3.1,20,1.13
F3.1,21,0.92
F3.1,22,0.8
F3.1,23,0.64
F3.2,0,0.45
F3.2,1,0.42
F3.2,2,0.37
F3.2,3,0.38
F3.2,4,0.36
F3.2,5,0.44
F3.2,6,0.62
F3.2,7,0.7
F3.2,8,0.72
F3.2,9,0.66
F3.2,10,0.64
F3.2,11,0.62
F3.2,12,0.65
F3.2,13,0.63
F3.2,14,0.64
F3.2,15,0.65
F3.2,16,0.75
F3.2,17,0.91
F3.2,18,0.96
F3.2,19,0.99
F3.2,20,0.86
F3.2,21,0.74
F3.2,22,0.61
F3.2,23,0.54
F3.3,0,0.56
F3.3,1,0.51
F3.3,2,0.49
F3.3,3,0.5
F3.3,4,0.56
F3.3,5,0.71
F3.3,6,0.91
F3.3,7,0.83
F3.3,8,0.73
F3.3,9,0.66
F3.3,10,0.65
F3.3,11,0.63
F3.3,12,0.68
F3.3,13,0.63
F3.3,14,0.62
F3.3,15,0.67
F3.3,16,0.74
F3.3,17,0.77
F3.3,18,0.92
F3.3,19,0.82
F3.3,20,0.74
F3.3,21,0.7
F3.3,22,0.58
F3.3,23,0.54
F3.4,0,0.38
F3.4,1,0.33
F3.4,2,0.32
F3.4,3,0.32
F3.4,4,0.35
F3.4,5,0.43
F3.4,6,0.58
F3.4,7,0.94
F3.4,8,1.09
F3.4,9,1.26
F3.4,10,1.25
F3.4,11,1.15
F3.4,12,1.11
F3.4,13,1.16
F3.4,14,1.13
F3.4,15,1.16
F3.4,16,1.01
F3.4,17,0.86
F3.4,18,0.75
F3.4,19,0.59
F3.4,20,0.51
F3.4,21,0.45
F3.4,22,0.4
F3.4,23,0.37
F4.1,0,0.61
F4.1,1,0.54
F4.1,2,0.52
F4.1,3,0.46
F4.1,4,0.48
F4.1,5,0.59
F4.1,6,0.82
F4.1,7,0.94
F4.1,8,0.93
F4.1,9,0.86
F4.1,10,0.79
F4.1,11,0.82
F4.1,12,0.84
F4.1,13,0.81
F4.1,14,0.77
F4.1,15,0.81
F4.1,16,0.98
F4.1,17,1.14
F4.1,18,1.32
F4.1,19,1.29
F4.1,20,1.22
F4.1,21,1.0
F4.1,22,0.82
F4.1,23,0.66
F4.2,0,0.38
F4.2,1,0.38
F4.2,2,0.38
F4.2,3,0.36
F4.2,4,0.38
F4.2,5,0.46
F4.2,6,0.66
F4.2,7,0.98
F4.2,8,1.17
F4.2,9,1.24
F4.2,10,1.27
F4.2,11,1.22
F4.2,12,1.24
F4.2,13,1.21
F4.2,14,1.22
F4.2,15,1.25
F4.2,16,1.12
F4.2,17,1.0
F4.2,18,0.78
F4.2,19,0.67
F4.2,20,0.53
F4.2,21,0.49
F4.2,22,0.46
F4.2,23,0.4
F4.3,0,0.52
F4.3,1,0.43
F4.3,2,0.43
F4.3,3,0.43
F4.3,4,0.43
F4.3,5,0.49
F4.3,6,0.63
F4.3,7,0.79
F4.3,8,0.8
F4.3,9,0.7
F4.3,10,0.71
F4.3,11,0.67
F4.3,12,0.76
F4.3,13,0.67
F4.3,14,0.67
F4.3,15,0.73
F4.3,16,0.82
F4.3,17,1.01
F4.3,18,1.14
F4.3,19,1.1
F4.3,20,1.01
F4.3,21,0.83
F4.3,22,0.7
F4.3,23,0.55
F4.4,0,1.0
F4.4,1,0.97
F4.4,2,0.93
F4.4,3,0.91
F4.4,4,1.03
F4.4,5,1.13
F4.4,6,1.27
F4.4,7,1.41
F4.4,8,1.45
F4.4,9,1.39
F4.4,10,1.39
F4.4,11,1.35
F4.4,12,1.3
F4.4,13,1.33
F4.4,14,1.42
F4.4,15,1.36
F4.4,16,1.3
F4.4,17,1.14
F4.4,18,1.1
F4.4,19,1.05
F4.4,20,1.02
F4.4,21,1.01
F4.4,22,1.04
F4.4,23,0.97
