quarter,position_mw
1,250.0
2,300.0
3,330.0
4,355.0
5,380.0
6,405.0
7,430.0
8,415.8
9,480.0
10,475.0
11,500.0
12,500.0
13,500.0
14,500.0
15,500.0
16,500.0
17,475.0
18,500.0
19,500.0
20,500.0
21,500.0
22,500.0
23,500.0
24,500.0
25,530.0
26,530.0
27,530.0
28,530.0
29,530.0
30,530.0
31,480.0
32,350.0
33,482.2
34,360.0
35,310.0
36,175.0
37,302.2
38,205.0
39,180.0
40,0.0
41,0.0
42,0.0
43,0.0
44,-2.6
45,-30.0
46,-30.0
47,-30.0
48,-30.0
49,-30.0
50,-30.0
51,-30.0
52,-30.0
53,-30.0
54,-30.0
55,-30.0
56,-30.0
57,-30.0
58,-30.0
59,-30.0
60,-30.0
61,-30.0
62,-30.0
63,-30.0
64,0.0
65,0.0
66,0.0
67,0.0
68,252.2
69,125.0
70,230.0
71,255.0
72,382.2
73,275.0
74,405.0
75,455.0
76,480.0
77,500.0
78,500.0
79,530.0
80,530.0
81,530.0
82,530.0
83,530.0
84,530.0
85,530.0
86,530.0
87,530.0
88,530.0
89,530.0
90,530.0
91,500.0
92,500.0
93,500.0
94,500.0
95,484.3
96,420.0
