period_start,electricity_kw,heat_kw,cooling_kw
2026-07-21T00:00+01:00,1256.7,250.3,530.7
2026-07-21T00:30+01:00,1254.2,248.2,515.2
2026-07-21T01:00+01:00,1240.7,247.1,511.5
2026-07-21T01:30+01:00,1260.5,239.6,496.6
2026-07-21T02:00+01:00,1231.2,248.9,503.3
2026-07-21T02:30+01:00,1226.4,250.2,506.2
2026-07-21T03:00+01:00,1246.2,243.6,477.5
2026-07-21T03:30+01:00,1219.5,241.0,469.7
2026-07-21T04:00+01:00,1223.0,264.6,464.0
2026-07-21T04:30+01:00,1230.2,325.1,482.2
2026-07-21T05:00+01:00,1262.0,387.0,514.2
2026-07-21T05:30+01:00,1330.2,440.1,594.5
2026-07-21T06:00+01:00,1406.9,490.4,704.9
2026-07-21T06:30+01:00,1457.8,483.3,766.5
2026-07-21T07:00+01:00,1514.1,488.3,881.4
2026-07-21T07:30+01:00,1606.4,524.4,949.3
2026-07-21T08:00+01:00,1722.1,510.4,1054.9
2026-07-21T08:30+01:00,1770.7,471.3,1260.2
2026-07-21T09:00+01:00,1860.6,417.4,1400.7
2026-07-21T09:30+01:00,1849.7,386.4,1590.2
2026-07-21T10:00+01:00,1827.9,352.7,1783.3
2026-07-21T10:30+01:00,1873.6,340.8,1777.5
2026-07-21T11:00+01:00,1845.1,332.2,1908.4
2026-07-21T11:30+01:00,1857.7,334.9,1938.9
2026-07-21T12:00+01:00,1864.2,330.8,1956.9
2026-07-21T12:30+01:00,1893.1,311.4,2034.0
2026-07-21T13:00+01:00,1872.1,307.0,2145.2
2026-07-21T13:30+01:00,1908.9,300.2,2177.9
2026-07-21T14:00+01:00,1878.6,303.1,2208.5
2026-07-21T14:30+01:00,1906.4,307.4,2251.7
2026-07-21T15:00+01:00,1873.7,320.3,2248.7
2026-07-21T15:30+01:00,1860.4,330.9,2180.2
2026-07-21T16:00+01:00,1827.3,346.7,2172.2
2026-07-21T16:30+01:00,1835.6,352.3,2112.8
2026-07-21T17:00+01:00,1823.1,364.6,2040.3
2026-07-21T17:30+01:00,1774.3,367.9,1903.4
2026-07-21T18:00+01:00,1732.6,390.6,1809.9
2026-07-21T18:30+01:00,1652.8,395.6,1757.8
2026-07-21T19:00+01:00,1610.2,407.4,1623.9
2026-07-21T19:30+01:00,1586.6,401.4,1427.7
2026-07-21T20:00+01:00,1518.7,421.4,1316.5
2026-07-21T20:30+01:00,1509.2,410.6,1236.1
2026-07-21T21:00+01:00,1464.2,397.5,1072.5
2026-07-21T21:30+01:00,1429.4,358.0,965.3
2026-07-21T22:00+01:00,1382.5,339.5,874.7
2026-07-21T22:30+01:00,1331.2,304.9,742.8
2026-07-21T23:00+01:00,1286.1,268.7,652.9
2026-07-21T23:30+01:00,1258.2,252.5,560.6
