quarter,side,tier,price_eur_mwh,volume_mw
63,buy,1,267.03,20.0
63,buy,2,271.03,40.0
63,buy,3,281.03,80.0
63,sell,1,265.03,20.0
63,sell,2,261.03,40.0
63,sell,3,251.03,80.0
64,buy,1,265.49,20.0
64,buy,2,269.49,40.0
64,buy,3,279.49,80.0
64,sell,1,263.49,20.0
64,sell,2,259.49,40.0
64,sell,3,249.49,80.0
65,buy,1,204.10,20.0
65,buy,2,208.10,40.0
65,buy,3,218.10,80.0
65,sell,1,202.10,20.0
65,sell,2,198.10,40.0
65,sell,3,188.10,80.0
66,buy,1,280.44,20.0
66,buy,2,284.44,40.0
66,buy,3,294.44,80.0
66,sell,1,278.44,20.0
66,sell,2,274.44,40.0
66,sell,3,264.44,80.0
67,buy,1,320.07,20.0
67,buy,2,324.07,40.0
67,buy,3,334.07,80.0
67,sell,1,318.07,20.0
67,sell,2,314.07,40.0
67,sell,3,304.07,80.0
68,buy,1,397.54,20.0
68,buy,2,401.54,40.0
68,buy,3,411.54,80.0
68,sell,1,395.54,20.0
68,sell,2,391.54,40.0
68,sell,3,381.54,80.0
69,buy,1,271.33,20.0
69,buy,2,275.33,40.0
69,buy,3,285.33,80.0
69,sell,1,269.33,20.0
69,sell,2,265.33,40.0
69,sell,3,255.33,80.0
70,buy,1,295.39,20.0
70,buy,2,299.39,40.0
70,buy,3,309.39,80.0
70,sell,1,293.39,20.0
70,sell,2,289.39,40.0
70,sell,3,279.39,80.0
71,buy,1,283.07,20.0
71,buy,2,287.07,40.0
71,buy,3,297.07,80.0
71,sell,1,281.07,20.0
71,sell,2,277.07,40.0
71,sell,3,267.07,80.0
72,buy,1,277.16,20.0
72,buy,2,281.16,40.0
72,buy,3,291.16,80.0
72,sell,1,275.16,20.0
72,sell,2,271.16,40.0
72,sell,3,261.16,80.0
73,buy,1,262.72,20.0
73,buy,2,266.72,40.0
73,buy,3,276.72,80.0
73,sell,1,260.72,20.0
73,sell,2,256.72,40.0
73,sell,3,246.72,80.0
74,buy,1,208.93,20.0
74,buy,2,212.93,40.0
74,buy,3,222.93,80.0
74,sell,1,206.93,20.0
74,sell,2,202.93,40.0
74,sell,3,192.93,80.0
75,buy,1,226.22,20.0
75,buy,2,230.22,40.0
75,buy,3,240.22,80.0
75,sell,1,224.22,20.0
75,sell,2,220.22,40.0
75,sell,3,210.22,80.0
76,buy,1,202.71,20.0
76,buy,2,206.71,40.0
76,buy,3,216.71,80.0
76,sell,1,200.71,20.0
76,sell,2,196.71,40.0
76,sell,3,186.71,80.0
77,buy,1,241.42,20.0
77,buy,2,245.42,40.0
77,buy,3,255.42,80.0
77,sell,1,239.42,20.0
77,sell,2,235.42,40.0
77,sell,3,225.42,80.0
78,buy,1,196.67,20.0
78,buy,2,200.67,40.0
78,buy,3,210.67,80.0
78,sell,1,194.67,20.0
78,sell,2,190.67,40.0
78,sell,3,180.67,80.0
79,buy,1,173.01,20.0
79,buy,2,177.01,40.0
79,buy,3,187.01,80.0
79,sell,1,171.01,20.0
79,sell,2,167.01,40.0
79,sell,3,157.01,80.0
80,buy,1,171.40,20.0
80,buy,2,175.40,40.0
80,buy,3,185.40,80.0
80,sell,1,169.40,20.0
80,sell,2,165.40,40.0
80,sell,3,155.40,80.0
81,buy,1,180.71,20.0
81,buy,2,184.71,40.0
81,buy,3,194.71,80.0
81,sell,1,178.71,20.0
81,sell,2,174.71,40.0
81,sell,3,164.71,80.0
82,buy,1,156.32,20.0
82,buy,2,160.32,40.0
82,buy,3,170.32,80.0
82,sell,1,154.32,20.0
82,sell,2,150.32,40.0
82,sell,3,140.32,80.0
83,buy,1,149.26,20.0
83,buy,2,153.26,40.0
83,buy,3,163.26,80.0
83,sell,1,147.26,20.0
83,sell,2,143.26,40.0
83,sell,3,133.26,80.0
84,buy,1,101.68,20.0
84,buy,2,105.68,40.0
84,buy,3,115.68,80.0
84,sell,1,99.68,20.0
84,sell,2,95.68,40.0
84,sell,3,85.68,80.0
85,buy,1,137.15,20.0
85,buy,2,141.15,40.0
85,buy,3,151.15,80.0
85,sell,1,135.15,20.0
85,sell,2,131.15,40.0
85,sell,3,121.15,80.0
86,buy,1,126.85,20.0
86,buy,2,130.85,40.0
86,buy,3,140.85,80.0
86,sell,1,124.85,20.0
86,sell,2,120.85,40.0
86,sell,3,110.85,80.0
87,buy,1,99.09,20.0
87,buy,2,103.09,40.0
87,buy,3,113.09,80.0
87,sell,1,97.09,20.0
87,sell,2,93.09,40.0
87,sell,3,83.09,80.0
88,buy,1,92.08,20.0
88,buy,2,96.08,40.0
88,buy,3,106.08,80.0
88,sell,1,90.08,20.0
88,sell,2,86.08,40.0
88,sell,3,76.08,80.0
89,buy,1,148.07,20.0
89,buy,2,152.07,40.0
89,buy,3,162.07,80.0
89,sell,1,146.07,20.0
89,sell,2,142.07,40.0
89,sell,3,132.07,80.0
90,buy,1,105.83,20.0
90,buy,2,109.83,40.0
90,buy,3,119.83,80.0
90,sell,1,103.83,20.0
90,sell,2,99.83,40.0
90,sell,3,89.83,80.0
91,buy,1,99.50,20.0
91,buy,2,103.50,40.0
91,buy,3,113.50,80.0
91,sell,1,97.50,20.0
91,sell,2,93.50,40.0
91,sell,3,83.50,80.0
92,buy,1,82.96,20.0
92,buy,2,86.96,40.0
92,buy,3,96.96,80.0
92,sell,1,80.96,20.0
92,sell,2,76.96,40.0
92,sell,3,66.96,80.0
93,buy,1,99.83,20.0
93,buy,2,103.83,40.0
93,buy,3,113.83,80.0
93,sell,1,97.83,20.0
93,sell,2,93.83,40.0
93,sell,3,83.83,80.0
94,buy,1,78.74,20.0
94,buy,2,82.74,40.0
94,buy,3,92.74,80.0
94,sell,1,76.74,20.0
94,sell,2,72.74,40.0
94,sell,3,62.74,80.0
95,buy,1,98.06,20.0
95,buy,2,102.06,40.0
95,buy,3,112.06,80.0
95,sell,1,96.06,20.0
95,sell,2,92.06,40.0
95,sell,3,82.06,80.0
96,buy,1,60.50,20.0
96,buy,2,64.50,40.0
96,buy,3,74.50,80.0
96,sell,1,58.50,20.0
96,sell,2,54.50,40.0
96,sell,3,44.50,80.0
