scenario,P001,P002,P003,P004,P005,P006,P007,P008,P009,P010,P011,P012,P013,P014,P015,P016,P017,P018,P019,P020,P021,P022,P023,P024
S001,86.08,80.51,77.01,73.21,74.05,76.03,81.00,87.00,89.57,94.93,96.28,98.22,92.24,91.54,96.41,100.05,102.97,107.38,108.45,103.96,100.09,94.19,94.92,86.80
S002,88.16,87.04,85.00,84.14,85.72,89.28,108.51,124.06,133.24,120.91,113.19,105.78,100.22,100.82,110.89,119.40,127.85,137.84,137.80,130.43,120.24,111.68,106.18,97.09
S003,81.45,81.07,79.92,78.19,76.97,81.45,94.07,114.77,144.11,138.60,122.00,110.00,103.43,94.98,96.00,110.25,111.39,128.15,127.31,111.77,95.49,86.21,82.04,77.69
S004,71.61,71.52,70.69,69.74,69.47,71.06,75.09,84.39,96.50,106.16,110.33,111.10,117.71,121.70,121.74,125.46,128.56,140.52,123.59,114.28,109.80,101.09,94.28,84.17
S005,70.58,66.95,65.63,62.76,63.32,67.47,77.94,87.17,104.27,103.06,95.15,86.36,76.83,73.35,75.21,77.45,84.69,93.60,91.70,82.23,74.00,71.12,68.64,64.75
S006,3.05,-0.03,-0.64,-4.41,-4.84,-0.18,14.76,42.09,51.58,50.76,50.10,50.78,39.32,36.44,45.04,49.95,50.80,54.21,53.32,50.09,42.18,40.04,42.01,38.53
S007,62.80,62.00,58.49,57.73,57.07,52.16,59.37,71.12,76.59,70.58,61.61,59.14,52.28,46.47,49.28,50.11,52.74,60.70,58.75,64.96,58.78,62.02,59.58,57.08
S008,49.97,47.26,48.12,47.97,51.58,60.06,80.00,93.57,99.17,88.39,78.90,71.27,70.24,74.99,82.55,97.60,108.43,127.42,117.30,107.52,91.98,86.79,83.42,80.29
S009,71.94,68.79,69.37,67.44,67.18,69.37,78.43,90.60,95.93,84.93,77.15,70.10,68.10,68.23,71.93,79.49,82.36,88.17,99.23,91.91,86.04,78.00,75.01,71.51
S010,71.73,70.19,70.89,69.82,69.14,73.82,84.85,108.17,119.93,93.61,82.98,77.09,74.91,67.66,66.69,75.87,81.62,87.91,86.78,73.65,66.03,56.96,54.08,39.73
S011,0.00,-0.03,-0.07,-0.13,-0.05,0.42,38.97,58.91,62.32,56.86,52.93,40.15,7.05,1.09,5.01,53.10,60.72,68.47,68.78,61.84,60.48,59.65,56.30,47.41
S012,35.04,27.65,7.08,3.07,1.94,19.38,50.00,68.16,62.00,61.35,56.56,51.70,43.47,42.54,40.11,49.91,56.52,62.97,61.96,61.16,59.14,56.44,56.52,52.36
S013,41.17,35.52,34.15,46.59,54.47,59.63,74.83,86.67,87.00,85.53,81.17,78.01,75.98,79.24,77.99,88.21,97.30,120.05,136.22,109.70,99.91,87.65,83.63,79.21
S014,73.70,73.20,72.15,72.94,73.65,77.85,87.08,110.00,133.15,113.55,97.79,91.87,89.38,90.98,94.90,94.38,93.01,103.00,94.67,86.06,83.20,80.61,75.60,65.98
S015,57.31,57.00,55.88,54.66,54.62,55.48,55.17,56.90,64.89,63.29,62.02,60.69,58.26,55.25,59.09,68.83,75.03,87.93,110.06,90.28,80.93,74.57,72.44,69.11
S016,62.38,54.81,51.44,50.32,50.19,48.47,46.02,48.97,47.28,43.03,40.45,41.00,40.10,39.88,42.87,54.29,62.87,72.00,73.66,70.59,64.71,59.83,57.33,53.94
S017,60.36,59.40,61.34,63.46,63.74,67.44,74.30,98.89,104.49,85.46,73.99,67.55,63.93,60.72,61.51,70.43,74.96,93.04,93.24,78.29,65.44,62.59,64.02,55.12
S018,54.50,53.63,53.80,55.59,55.31,55.82,56.00,56.88,54.77,53.99,52.01,49.46,47.51,42.51,46.84,54.13,60.28,75.58,84.36,86.96,81.80,75.00,72.18,72.42
S019,73.33,72.32,70.34,68.71,69.89,73.13,84.27,103.20,96.70,79.09,71.31,66.16,61.69,60.26,63.33,66.04,69.92,89.20,105.71,90.30,82.49,73.35,73.32,67.72
S020,69.19,65.56,66.51,65.20,66.58,71.37,87.06,96.55,100.78,93.81,85.42,80.68,78.44,78.26,79.02,86.34,101.61,113.06,134.92,124.57,97.48,83.63,78.93,70.33
S021,63.93,62.30,61.79,61.37,64.00,66.80,77.32,88.27,89.91,77.71,68.07,64.85,64.61,64.83,63.96,67.84,73.53,89.91,97.80,94.36,76.98,66.82,68.11,63.88
S022,72.00,71.24,71.65,71.55,71.24,71.01,89.50,110.78,95.87,72.02,65.36,58.82,54.47,56.72,60.48,70.05,73.70,103.95,131.42,128.96,110.00,89.02,81.72,76.10
S023,76.01,73.40,74.90,75.70,76.36,80.90,116.00,116.24,98.33,70.63,66.00,65.39,61.43,63.95,64.35,70.78,87.07,119.68,168.54,159.05,124.95,106.52,96.07,79.98
S024,77.77,72.47,65.92,63.98,59.84,61.44,58.34,52.82,39.12,13.20,0.02,-0.05,-1.94,-5.71,-8.45,-1.46,0.07,47.80,70.09,69.15,52.94,45.84,40.28,28.39
S025,32.10,13.28,10.13,17.00,19.92,26.82,14.87,1.96,0.00,0.00,0.00,0.00,0.00,0.00,0.00,0.00,16.69,59.40,75.00,74.90,66.90,64.77,64.27,62.97
S026,62.51,62.29,62.48,64.51,66.96,77.14,88.43,113.87,99.68,77.43,70.05,63.66,61.85,63.22,64.52,73.97,81.05,111.88,174.70,149.75,102.73,82.39,79.56,74.74
S027,79.90,73.30,68.91,67.98,70.07,72.28,80.38,79.20,72.10,62.00,49.50,37.03,11.49,27.35,37.10,51.93,68.06,81.05,100.75,100.30,80.00,77.05,72.82,66.92
S028,49.95,48.98,46.06,43.58,49.40,52.35,58.71,64.49,58.71,60.89,54.36,35.39,13.04,0.03,-0.01,-0.01,-0.01,5.79,41.97,48.53,49.88,45.69,25.97,7.47
S029,43.08,45.01,46.89,47.56,50.65,54.88,58.73,59.87,59.24,48.94,29.42,-0.73,-16.40,-59.92,-57.59,-34.61,-4.66,15.81,67.56,73.99,68.65,46.46,45.07,25.88
S030,72.58,67.36,62.24,58.81,59.08,55.57,74.63,68.80,52.20,30.00,10.05,0.86,0.91,1.10,0.57,29.57,59.74,76.74,100.70,134.36,137.82,98.79,82.42,76.51
S031,83.84,83.84,81.35,82.40,82.96,83.73,109.39,169.97,155.17,104.62,83.90,79.90,82.98,80.82,77.71,77.03,80.00,86.90,114.97,159.92,169.90,130.06,99.04,87.81
S032,81.85,70.59,69.53,64.40,63.88,63.62,64.43,60.53,60.88,55.38,32.99,36.96,6.06,0.28,-0.90,0.75,6.01,58.22,74.60,89.36,95.26,91.07,89.41,88.46
S033,78.97,78.05,78.44,79.92,79.79,87.50,105.90,130.79,117.46,97.05,81.86,81.24,77.05,73.67,74.17,78.48,81.57,96.79,118.20,164.05,170.96,130.05,105.77,96.99
S034,81.80,77.97,77.16,74.86,77.37,81.83,101.66,128.17,107.07,91.81,90.74,88.35,82.60,80.09,76.53,80.71,81.12,86.60,101.54,135.20,143.44,121.16,105.31,90.21
S035,79.87,74.00,74.70,74.07,77.10,83.69,93.50,104.06,96.06,81.08,77.81,72.95,70.35,68.74,65.37,69.92,71.70,80.46,94.78,131.90,141.58,110.00,92.71,88.26
S036,63.15,60.05,58.93,62.46,76.82,85.18,102.38,117.95,100.69,75.17,59.21,36.46,36.18,35.59,33.63,35.57,47.68,85.75,104.73,180.04,204.57,108.55,87.29,81.15
S037,73.76,66.77,70.41,70.00,70.00,78.77,94.95,101.95,88.46,77.00,62.06,47.10,28.05,11.30,10.00,19.14,45.84,66.95,86.20,122.01,132.41,88.37,77.97,75.69
S038,14.56,10.94,10.00,7.80,10.63,32.06,72.72,78.28,62.90,31.45,5.10,-0.08,-1.73,-4.19,-0.05,-1.39,4.04,55.16,81.22,87.96,85.14,82.31,78.21,71.02
S039,90.80,87.79,86.26,87.72,90.64,98.34,94.19,90.02,78.48,62.38,41.17,31.18,24.93,14.53,13.34,26.03,63.62,79.36,98.01,121.92,135.40,113.56,90.26,83.60
S040,83.97,80.84,80.88,82.47,82.48,89.59,107.48,118.96,110.12,92.41,85.40,79.48,72.93,68.79,66.58,66.95,75.72,91.10,106.50,127.54,134.42,114.65,96.54,87.96
S041,87.60,88.06,82.97,82.95,88.83,90.39,88.13,80.65,65.53,23.34,5.07,-0.52,-0.88,-1.35,-2.03,-0.93,0.68,64.48,89.72,107.85,132.79,123.67,99.94,87.75
S042,96.76,94.18,90.03,89.09,89.91,90.70,86.72,79.84,56.47,6.80,0.00,-10.47,-21.21,-21.99,-24.23,-11.46,-0.41,32.77,81.83,101.68,122.50,103.48,86.26,68.37
S043,81.46,76.40,76.21,77.92,74.93,79.58,112.26,122.98,97.35,81.86,66.98,54.42,28.47,31.34,54.09,69.65,79.61,87.98,103.44,126.98,99.07,83.58,83.05,65.91
S044,94.88,91.83,90.43,89.16,89.03,90.26,90.68,86.23,78.58,74.75,54.23,9.34,3.24,0.04,0.00,0.02,14.23,76.04,96.23,115.77,131.92,136.95,115.77,104.54
S045,78.34,75.07,74.44,74.43,77.87,84.04,112.94,128.74,124.55,107.22,88.44,86.26,77.34,74.46,72.96,77.78,84.66,111.04,131.40,186.68,221.46,169.86,131.40,113.78
S046,72.22,57.54,54.28,50.59,49.83,45.91,72.15,86.45,91.52,69.11,67.85,62.12,59.07,62.25,62.18,69.49,72.67,89.23,94.66,111.44,140.50,143.26,120.39,95.53
S047,96.21,80.71,79.49,73.71,74.53,90.06,106.27,109.11,108.72,102.36,91.97,82.02,74.91,68.50,65.30,66.94,75.07,84.10,94.46,107.94,115.00,107.91,101.74,84.18
S048,35.71,31.12,15.85,7.22,8.96,5.13,4.91,4.11,0.97,0.00,1.56,0.77,-0.10,-4.01,-15.93,-19.58,-8.98,-1.27,13.95,67.23,94.99,106.93,109.01,99.16
S049,74.28,63.59,42.52,15.57,18.19,11.56,8.40,2.22,-0.08,-2.01,-7.60,-15.00,-25.00,-32.69,-37.14,-28.68,-5.84,-0.50,42.76,96.85,115.86,111.24,108.42,97.21
S050,60.07,56.96,62.95,55.82,60.06,59.11,81.83,100.26,91.50,68.27,49.92,32.13,11.12,0.76,0.00,0.03,13.89,55.27,71.65,100.00,127.64,122.37,106.74,90.82
S051,76.62,66.73,68.81,71.81,73.56,90.02,119.13,132.68,116.23,84.73,62.11,55.01,41.86,39.45,46.62,54.54,64.21,88.58,114.16,157.37,210.16,200.01,128.15,101.55
S052,96.92,90.29,87.53,89.29,90.29,95.94,134.49,130.17,95.96,80.90,69.91,54.81,51.16,51.03,57.04,73.12,76.24,90.06,133.25,158.19,171.87,134.47,104.20,91.63
S053,99.95,91.43,86.85,85.78,83.47,86.41,112.55,116.83,107.33,86.31,75.10,66.23,58.03,39.84,22.41,23.56,59.90,70.00,88.44,102.90,143.66,115.08,108.26,93.21
S054,96.00,86.90,80.40,82.84,78.79,84.98,117.51,125.11,115.00,88.87,66.74,52.40,48.82,45.31,44.56,48.39,61.92,75.59,79.53,110.08,200.04,186.18,125.21,101.80
S055,70.06,61.69,66.67,67.05,64.36,51.39,51.56,20.42,6.83,0.82,0.00,0.00,-0.02,-1.51,-1.09,0.00,0.91,36.66,70.02,87.26,99.90,102.39,102.16,93.01
S056,64.24,51.94,26.46,18.01,10.08,10.27,36.43,40.00,33.56,22.65,1.90,0.00,-0.04,-5.03,-19.09,-18.03,-8.70,-0.03,6.77,49.85,86.91,115.30,86.91,64.01
S057,105.52,95.96,93.08,91.14,87.66,96.83,111.38,103.76,94.00,67.26,46.63,33.71,21.95,5.04,2.71,11.08,53.73,81.69,99.27,151.50,147.64,108.12,86.07,68.89
S058,55.00,54.90,53.92,54.98,59.92,66.14,84.46,106.46,102.01,84.93,65.00,55.77,47.13,44.58,55.00,58.43,67.48,80.14,80.73,99.72,148.61,164.08,113.97,92.92
S059,96.02,79.95,77.06,79.60,80.31,81.98,107.71,120.00,106.53,89.11,80.69,66.60,57.44,47.70,44.48,50.10,60.98,81.91,91.58,120.00,184.33,166.74,121.59,98.12
S060,122.10,96.63,86.88,86.93,86.14,82.26,119.48,131.68,126.05,94.34,75.14,72.88,66.22,43.25,19.41,20.38,48.46,63.69,81.15,99.04,186.24,172.04,111.04,98.00
S061,92.55,87.20,84.90,79.92,76.40,92.53,106.16,116.86,90.98,71.98,55.08,36.95,24.31,17.36,13.27,26.20,53.80,80.00,97.00,126.93,155.72,131.61,100.00,84.95
S062,103.96,103.41,97.39,95.25,92.46,90.51,87.40,82.75,84.69,67.67,60.78,39.90,28.00,17.80,17.92,35.02,67.72,94.73,104.97,116.69,123.10,121.82,108.10,97.94
S063,78.01,75.77,79.27,83.73,88.59,101.85,115.64,113.48,99.65,67.78,37.52,7.84,1.09,-0.04,-0.06,13.25,40.68,78.10,103.40,129.44,177.13,147.67,114.98,99.04
S064,98.85,87.29,85.19,82.90,90.60,102.39,112.51,110.14,95.26,79.02,55.89,33.46,21.75,11.36,17.53,31.74,46.09,75.85,99.16,115.39,136.15,116.19,104.51,96.49
S065,103.09,95.57,89.24,85.24,85.76,95.77,123.86,126.04,85.29,74.51,36.04,21.43,15.86,2.95,4.79,19.44,39.71,82.19,106.29,174.58,230.85,170.45,118.54,100.03
S066,91.39,83.24,79.29,83.24,86.43,104.36,126.07,127.98,109.06,88.91,73.56,62.49,42.14,35.05,51.19,69.28,85.74,105.20,106.41,119.75,149.28,134.25,112.74,102.78
S067,103.71,83.92,67.34,64.30,53.31,64.36,80.00,88.41,59.40,31.31,8.98,0.60,-0.03,-0.16,-0.80,-0.11,-0.01,2.55,41.78,81.04,124.97,118.05,113.46,93.23
S068,99.64,87.91,86.60,84.79,84.76,101.37,125.66,133.71,117.89,87.81,66.67,55.94,43.01,40.37,47.96,64.15,86.00,105.00,121.04,202.72,205.35,128.90,111.48,104.99
S069,108.97,86.78,85.58,85.83,87.76,92.05,128.42,134.91,124.83,100.95,76.15,59.83,50.68,49.93,47.57,55.16,82.67,103.76,134.92,230.52,243.12,171.83,134.54,116.17
S070,111.82,112.80,106.17,106.22,104.75,104.97,99.53,95.20,88.20,82.32,72.12,72.52,66.03,33.64,17.72,51.28,69.86,82.39,93.85,109.93,115.68,109.83,111.40,99.45
S071,97.39,90.10,88.70,84.86,84.50,87.97,129.00,152.33,129.60,112.58,96.90,89.74,84.38,78.87,80.21,79.90,84.05,100.70,113.97,200.00,203.83,140.11,100.82,86.20
S072,93.60,89.55,88.50,89.31,86.19,89.97,123.06,133.23,122.97,103.09,75.01,50.13,37.69,18.22,20.36,48.90,82.15,104.50,118.07,158.81,154.71,120.89,103.82,97.96
S073,93.76,85.98,80.37,80.14,81.20,80.16,79.49,73.10,60.63,41.27,12.73,-0.79,-9.17,-24.00,-19.94,-4.99,25.56,78.28,109.11,131.60,123.91,107.63,102.02,91.50
S074,64.79,61.00,51.22,48.58,57.75,69.86,93.29,119.48,120.37,100.09,80.00,59.51,31.54,12.48,14.53,30.06,71.18,87.56,100.27,129.00,136.49,99.76,95.36,92.88
S075,102.47,96.90,96.30,95.31,98.29,101.02,103.88,104.71,95.44,84.19,51.52,14.17,5.48,1.02,0.44,8.41,49.62,101.40,128.57,150.40,133.00,101.90,92.32,89.24
S076,85.16,80.94,83.71,83.67,82.51,89.92,105.09,141.92,133.07,102.44,79.00,55.32,5.49,0.00,-0.09,1.04,40.05,87.52,113.91,129.92,108.20,93.25,89.92,79.49
S077,90.80,84.08,85.20,87.15,86.93,97.30,133.40,203.73,151.33,109.99,94.66,80.16,78.94,76.55,76.77,80.98,102.25,136.01,240.26,328.39,178.64,116.71,100.93,91.54
S078,88.20,82.51,83.69,85.02,83.26,88.29,110.75,141.96,127.40,106.02,92.61,83.87,75.75,68.99,61.59,74.94,83.27,104.04,119.05,124.13,101.70,80.44,74.48,60.58
S079,66.02,58.78,52.34,49.87,45.53,49.71,72.03,85.20,83.40,67.33,49.23,31.62,17.00,12.08,12.68,37.90,54.91,73.65,80.00,89.00,78.93,62.84,53.72,36.30
S080,60.66,45.50,44.16,43.35,57.74,73.63,77.00,98.00,96.88,54.43,1.33,0.00,-0.01,-0.50,-0.45,0.00,43.24,94.01,152.59,167.32,109.61,80.13,64.30,37.39
S081,19.00,11.45,8.40,5.53,5.61,16.98,45.64,90.42,93.55,68.46,44.41,20.91,9.28,2.06,7.63,21.96,35.13,64.60,70.36,64.24,42.35,21.93,20.01,9.84
S082,67.33,65.86,65.14,64.18,63.98,64.40,65.43,73.37,76.67,72.90,69.28,63.04,47.09,33.98,39.14,51.36,66.04,89.70,110.07,115.32,108.28,98.76,90.96,81.46
S083,73.90,72.52,72.10,72.00,72.33,77.10,103.00,126.54,141.42,116.27,100.09,85.00,75.07,73.49,75.82,79.07,89.80,107.10,131.97,149.02,123.70,99.90,99.90,90.00
S084,34.58,35.34,33.25,30.15,36.09,46.73,67.59,100.92,108.32,91.86,66.09,60.22,54.11,43.29,55.00,67.01,97.90,120.71,237.65,229.53,121.98,99.93,91.91,79.12
S085,90.09,79.42,75.58,75.02,71.92,67.90,71.63,68.73,68.91,41.82,35.30,34.28,24.79,14.33,23.34,46.35,63.18,76.02,80.86,77.62,60.19,45.42,34.87,25.37
S086,91.23,86.49,88.35,84.04,80.80,89.51,114.53,185.39,176.61,110.54,92.75,83.05,78.47,71.75,75.90,83.36,89.03,120.69,136.79,97.31,76.26,66.65,59.65,40.78
S087,23.35,12.80,5.30,3.61,3.16,8.20,42.59,67.29,66.52,54.29,26.68,14.16,4.09,2.04,4.00,14.18,54.92,72.95,84.47,88.38,65.31,61.86,35.14,26.54
S088,17.04,12.15,10.48,5.61,10.01,29.80,70.51,101.39,92.53,73.76,62.22,52.02,46.54,47.52,60.04,63.55,92.68,123.60,186.21,172.19,117.50,97.81,89.05,82.21
S089,80.95,81.16,82.73,78.84,81.19,84.34,98.89,149.78,156.24,111.00,95.76,85.30,82.96,80.20,81.19,84.34,103.29,133.67,181.28,142.58,103.25,96.83,93.26,85.54
S090,80.83,83.23,82.02,83.21,85.80,93.60,108.19,172.79,183.13,128.42,104.10,93.86,85.62,80.99,78.97,88.62,101.90,147.15,218.18,177.60,111.71,101.51,103.33,93.16
S091,115.29,109.64,106.95,107.79,105.70,106.82,113.93,125.71,126.00,117.57,101.39,81.48,68.35,63.30,64.55,81.44,100.60,125.73,150.90,118.74,96.48,88.76,87.50,76.63
S092,95.60,94.37,88.74,84.09,86.26,99.93,109.92,130.01,127.38,116.18,97.61,98.31,94.93,101.33,113.93,121.36,124.20,141.11,148.80,146.12,124.19,115.59,109.96,102.41
S093,95.75,91.31,88.76,86.00,86.85,92.13,96.97,100.11,101.16,109.64,91.19,94.44,88.68,91.51,103.42,122.30,137.61,158.56,149.92,134.96,122.79,111.26,106.28,100.61
S094,104.99,102.28,102.01,100.86,100.88,101.98,100.32,102.45,105.38,110.99,112.62,110.13,110.92,108.60,112.36,126.22,134.02,148.72,146.01,138.61,125.31,115.28,111.10,108.02
S095,109.65,103.68,100.00,97.86,97.50,103.89,115.69,128.35,135.06,132.94,128.50,124.21,119.84,129.02,130.44,139.05,140.94,153.18,147.09,133.70,121.94,112.88,111.56,105.40
S096,101.70,99.83,96.01,92.25,91.41,92.24,103.44,115.61,127.14,123.92,125.65,124.84,121.68,127.40,134.01,142.18,147.41,155.91,154.09,148.29,138.58,129.44,122.89,112.48
S097,80.10,69.28,72.48,58.72,42.00,34.81,42.36,60.69,64.80,65.40,68.30,64.79,54.90,46.86,61.25,64.80,70.10,102.84,80.70,65.40,57.41,64.79,68.76,62.02
S098,65.42,64.39,59.86,42.39,58.17,74.23,95.55,121.66,121.91,119.56,111.51,92.98,79.50,94.13,109.52,119.98,132.48,159.90,161.82,152.96,128.94,117.62,116.99,108.70
S099,100.14,92.00,86.60,81.52,81.96,93.29,107.55,135.62,142.87,140.09,120.35,107.77,97.26,97.36,106.64,130.84,135.09,142.00,142.58,140.26,135.98,123.05,116.42,103.50
S100,93.96,90.40,86.80,84.15,84.23,92.48,107.17,121.44,132.99,134.98,127.33,115.47,113.57,120.83,141.62,154.85,174.97,182.26,161.34,154.05,131.33,123.05,122.90,107.46
S101,-1.25,-1.59,-1.42,-1.86,-1.42,-0.28,0.09,54.38,77.01,66.57,42.55,41.37,40.00,57.16,67.97,94.99,92.58,116.08,128.00,118.00,94.73,81.26,86.26,69.17
S102,99.66,90.01,88.14,85.70,84.80,85.31,84.43,89.97,99.64,94.60,89.30,82.38,85.25,83.08,90.61,108.62,121.53,117.77,121.51,110.23,91.35,84.36,96.98,85.00
S103,110.73,103.05,96.28,93.22,100.48,108.09,121.76,142.39,154.62,150.09,141.37,139.23,135.62,142.41,150.02,168.94,205.18,210.00,197.88,189.83,170.04,153.61,142.08,130.81
S104,120.99,116.66,112.79,110.19,112.26,120.91,145.20,209.76,276.66,250.76,212.21,198.95,192.25,199.82,218.44,242.87,267.35,287.76,230.22,197.59,165.68,148.34,128.33,113.27
S105,114.77,105.74,103.27,104.50,103.27,104.12,135.88,143.54,141.29,131.78,124.92,107.31,102.67,102.93,102.89,100.87,101.50,118.31,112.16,105.36,87.13,77.30,74.17,43.14
S106,10.64,4.60,3.87,2.31,2.99,10.35,63.49,92.71,110.17,110.16,104.08,98.37,91.90,100.70,109.00,116.92,131.55,142.99,151.07,142.48,130.00,119.42,121.08,102.14
S107,130.07,122.90,118.97,114.95,115.64,125.83,156.53,187.71,253.00,245.74,208.42,174.40,166.06,165.00,184.50,220.77,250.06,284.21,260.00,225.60,175.00,146.22,135.09,116.52
S108,0.09,0.10,0.05,0.07,-0.01,1.75,7.73,59.30,71.79,75.91,75.46,80.13,85.22,81.70,81.70,81.70,74.00,81.56,72.01,70.94,61.50,44.41,44.40,16.59
S109,47.72,31.48,16.31,17.43,22.82,48.49,66.15,102.40,109.72,106.65,103.14,97.44,87.56,83.84,88.03,98.67,105.24,109.89,101.18,98.65,89.73,71.82,70.34,58.26
S110,0.00,-0.03,-0.46,-1.04,-2.06,-0.47,-0.68,-0.12,3.46,20.60,20.17,23.00,21.19,21.39,28.02,41.77,46.93,65.47,60.79,58.21,46.93,36.66,36.20,24.50
S111,91.37,86.44,85.07,80.81,75.99,80.81,83.01,84.94,90.21,99.24,93.56,92.55,94.41,91.03,99.17,112.69,118.01,120.53,119.11,118.01,118.33,113.01,114.07,104.63
S112,106.79,101.52,101.03,99.74,99.58,106.20,115.70,124.29,131.85,130.15,120.10,107.94,107.81,107.94,121.65,136.46,146.25,151.80,158.40,146.43,133.14,125.42,126.76,114.00
S113,127.39,114.09,107.71,101.70,97.73,98.61,98.16,102.09,110.71,114.65,104.07,100.19,100.72,99.73,98.44,104.01,121.73,122.00,126.11,121.34,109.92,90.21,83.79,71.63
S114,90.43,90.29,90.20,91.52,95.95,102.11,110.66,119.96,128.39,130.75,130.34,128.29,130.03,129.85,136.40,138.72,142.00,151.24,143.85,137.96,129.49,122.83,118.29,109.49
S115,113.84,100.33,93.61,93.87,89.38,83.55,83.92,82.53,84.05,89.15,82.95,88.82,81.66,78.39,68.00,50.64,49.91,66.30,65.05,51.28,36.85,36.80,34.68,28.14
S116,106.64,98.99,95.71,89.45,88.35,88.40,88.13,94.68,107.65,103.14,101.13,99.56,96.74,93.15,94.90,104.89,112.12,119.80,122.34,114.85,111.19,104.80,103.07,105.69
S117,106.38,103.70,99.08,97.99,101.88,107.64,123.40,156.62,184.03,151.86,117.62,109.31,103.11,108.11,115.35,125.35,141.97,165.86,170.07,158.38,135.46,117.69,121.00,121.76
S118,129.73,124.20,123.05,121.24,120.18,120.00,121.57,123.33,123.60,125.16,125.19,121.56,112.25,107.51,116.81,126.29,140.15,149.67,159.04,156.60,149.06,139.26,130.99,122.94
S119,122.27,119.44,116.56,114.41,115.45,127.54,161.71,276.48,431.99,291.70,236.29,187.48,176.00,171.39,191.85,277.17,402.12,583.40,473.28,295.57,220.00,170.00,152.51,137.98
S120,113.70,108.88,105.58,100.01,97.59,100.01,106.41,136.60,159.03,155.42,130.94,116.10,94.93,88.56,85.86,89.80,89.87,106.75,112.00,101.87,86.36,74.28,75.68,58.23
S121,126.21,115.79,111.30,106.85,105.43,107.86,110.60,117.62,124.17,121.97,105.51,102.57,96.73,90.02,92.52,111.63,125.92,132.77,118.94,90.32,78.93,68.26,49.25,23.89
S122,40.14,35.26,26.38,14.07,10.10,21.52,34.10,56.99,71.76,62.96,45.57,40.11,35.66,38.37,53.95,86.79,102.46,118.56,118.67,100.05,94.07,85.08,82.26,69.28
S123,92.41,92.43,93.33,92.95,92.43,108.65,139.83,152.64,160.30,151.51,135.09,123.25,115.89,113.30,129.41,153.22,160.87,180.36,176.58,161.28,150.20,134.17,126.46,120.20
S124,136.93,129.42,124.24,119.12,118.86,120.54,127.10,144.74,153.46,142.44,128.40,120.08,110.29,103.40,113.70,129.49,154.43,168.27,167.51,162.98,156.60,145.24,141.73,131.74
S125,132.40,125.54,123.18,123.99,123.25,127.63,155.42,192.24,211.99,163.31,136.53,126.57,116.89,113.17,120.09,127.47,164.81,168.99,175.00,162.04,145.01,132.43,129.42,120.62
S126,113.34,109.67,109.40,108.18,115.17,122.42,139.81,165.32,180.81,159.33,132.19,119.96,115.46,118.80,128.85,144.12,160.58,177.19,189.90,189.63,170.00,155.42,143.70,133.21
S127,81.34,84.85,85.80,87.08,89.69,90.99,90.80,95.31,111.11,92.68,79.42,68.75,67.71,79.85,89.85,118.00,140.87,150.00,160.49,161.10,156.42,149.00,144.00,136.31
S128,129.13,127.77,126.82,126.59,128.74,131.24,151.13,163.64,180.00,174.92,162.05,144.01,137.28,142.03,149.40,159.67,173.21,184.59,197.13,192.57,173.90,155.78,150.38,141.81
S129,134.11,128.90,123.57,119.90,119.57,120.18,119.92,127.51,129.60,130.49,127.70,124.03,124.67,118.77,121.02,129.55,137.68,153.98,169.98,160.29,153.72,139.34,137.62,131.51
S130,104.54,99.29,99.60,97.29,94.50,97.48,115.00,149.50,166.37,128.76,107.91,89.28,81.52,82.74,85.20,90.63,110.03,131.28,142.98,144.42,120.90,113.75,107.13,99.81
S131,50.99,48.62,47.96,42.62,41.20,49.15,49.11,61.22,68.25,67.74,53.21,47.13,40.40,52.69,68.00,85.60,100.95,108.38,106.98,115.18,103.00,101.58,94.27,83.51
S132,90.60,89.91,93.39,93.86,97.43,105.78,144.87,167.16,173.34,153.73,140.36,126.75,124.63,125.81,134.38,148.34,170.68,207.97,233.05,188.09,156.96,142.47,129.46,115.13
S133,122.99,119.82,116.94,115.98,116.56,117.27,132.65,159.93,175.19,160.22,141.37,129.95,120.53,119.89,125.12,132.90,149.75,165.01,172.57,162.82,147.38,118.44,120.94,112.46
S134,115.47,110.54,109.38,106.93,112.03,112.63,135.99,150.00,161.82,145.50,127.70,115.97,109.51,108.57,111.58,125.57,135.05,152.85,161.24,158.86,143.96,132.94,127.43,119.03
S135,90.05,83.07,83.01,79.71,81.63,91.94,115.57,140.16,85.64,41.63,0.02,-0.07,-4.28,-3.70,0.05,48.50,89.89,133.13,146.23,145.89,123.00,108.12,109.12,96.98
S136,124.97,113.94,117.22,116.76,118.42,121.30,127.82,120.59,98.04,72.54,18.05,2.07,-0.34,-0.10,0.07,56.20,100.86,145.58,174.05,140.03,111.21,100.00,99.24,97.94
S137,96.83,94.92,96.70,96.87,94.65,106.37,148.49,159.75,133.96,98.88,84.38,77.88,76.02,77.32,83.91,97.47,127.47,147.97,174.92,160.24,142.14,126.59,106.88,97.97
S138,108.52,102.25,98.98,96.71,98.35,105.88,132.99,159.87,158.03,148.13,123.77,110.70,110.01,108.22,107.54,109.99,121.47,142.65,166.05,173.47,149.00,135.69,123.48,111.63
S139,125.07,116.41,112.74,105.81,109.10,127.49,156.00,148.27,110.73,73.31,43.25,7.35,0.81,0.00,2.49,12.36,46.22,100.24,120.65,83.50,70.00,47.19,27.13,18.45
S140,110.45,107.29,101.91,98.94,101.99,119.82,141.50,164.28,161.86,135.38,111.16,107.36,100.75,100.87,106.57,115.85,130.95,154.15,211.99,193.00,161.84,138.55,125.58,115.16
S141,113.62,103.91,96.54,96.22,96.50,92.74,96.73,98.44,91.86,76.14,65.67,65.34,65.33,2.06,3.94,25.27,66.26,100.10,146.91,152.22,121.07,100.42,82.75,68.27
S142,68.06,66.93,66.80,67.97,68.90,82.18,113.84,150.31,124.70,84.74,48.38,0.00,-4.92,-20.06,-21.02,-10.00,-1.73,15.37,88.84,125.35,114.00,96.07,82.63,71.43
S143,67.00,67.00,67.00,68.95,71.00,86.22,129.71,162.77,133.30,79.11,40.47,-0.16,-1.19,-8.40,-5.85,-0.27,16.09,75.00,138.00,163.48,155.88,137.03,113.21,104.63
S144,108.34,103.04,102.89,103.61,105.95,112.55,152.67,180.17,139.40,95.68,65.00,7.82,0.00,-1.31,-1.21,-0.13,29.70,79.87,126.35,167.64,155.99,120.67,106.15,96.97
S145,70.45,61.00,62.72,68.28,69.95,77.43,76.54,78.11,41.79,0.10,-2.00,-27.56,-60.01,-106.31,-114.57,-70.00,-18.95,1.76,112.41,131.56,132.90,121.38,111.84,100.03
S146,86.71,85.00,81.73,83.53,85.45,98.74,131.10,175.97,144.61,107.10,83.37,65.00,11.80,2.19,3.94,60.98,72.00,102.43,127.60,168.45,165.05,138.20,121.02,105.21
S147,65.32,60.75,58.44,58.43,61.93,71.99,94.20,111.40,85.90,58.89,11.31,0.00,-3.00,-4.99,-3.61,-0.10,0.00,70.15,110.69,133.40,155.00,130.46,119.10,105.49
S148,107.84,104.41,100.93,98.15,98.99,99.08,104.42,99.74,95.49,67.26,20.19,0.00,-9.23,-40.04,-42.01,-18.68,-0.08,59.47,111.31,150.06,120.89,91.00,86.27,64.27
S149,63.99,56.00,42.36,29.50,32.06,34.48,29.41,27.75,12.87,8.43,0.00,-0.02,-3.02,-18.84,-25.38,-9.93,-0.01,17.56,98.63,120.65,118.01,108.06,103.35,94.98
S150,72.93,73.20,67.38,64.29,66.30,70.42,83.03,96.99,98.56,65.00,48.93,2.92,0.08,0.00,0.10,29.27,68.08,86.57,105.28,133.58,141.54,110.58,102.21,93.76
S151,89.32,80.01,84.45,82.39,84.98,90.62,95.20,91.67,83.89,76.43,29.99,4.54,0.00,-3.01,-7.26,-0.86,0.20,64.01,102.77,126.84,142.71,127.36,109.55,98.27
S152,100.00,92.19,91.02,89.66,89.01,90.86,93.01,86.33,72.19,34.45,2.55,-0.01,-7.63,-14.85,-10.77,-2.19,-0.02,30.99,79.00,99.81,107.40,96.85,85.26,72.31
S153,67.71,62.91,57.96,59.12,61.94,69.05,69.14,63.72,34.95,0.04,-3.00,-33.88,-101.04,-129.81,-116.61,-50.00,-5.17,18.35,91.98,110.83,124.23,109.24,99.00,93.77
S154,90.64,86.86,81.76,79.17,80.03,90.57,107.00,113.13,99.98,78.00,9.31,0.00,-0.76,-1.90,-1.67,-0.01,14.82,77.60,102.00,139.83,174.75,129.11,108.83,97.82
S155,95.00,90.00,87.59,88.25,91.40,95.83,115.27,120.30,99.90,76.70,7.08,0.00,-1.00,-6.21,-3.00,-0.02,19.91,78.39,101.80,130.37,176.43,128.00,108.33,98.68
S156,75.18,70.51,72.25,75.15,74.98,89.49,110.92,122.57,106.69,90.82,80.00,61.65,53.83,49.66,59.30,70.42,78.88,89.22,100.10,128.92,128.00,113.17,101.52,94.46
S157,86.00,81.28,80.95,81.48,84.65,97.71,137.05,141.15,108.49,69.74,0.49,-3.91,-25.00,-35.00,-29.90,-8.59,-0.01,72.58,107.12,141.41,172.70,117.25,100.11,92.97
S158,98.06,89.88,87.80,87.63,90.28,98.94,119.90,119.91,102.06,75.65,4.58,-0.08,-4.97,-14.76,-14.25,-6.62,-0.60,3.83,76.11,108.97,130.74,125.13,110.49,101.00
S159,94.50,88.47,84.91,85.00,88.76,98.26,113.18,117.60,106.66,78.99,11.11,-0.01,-3.15,-1.97,-1.55,-0.01,2.98,69.79,100.05,111.81,154.91,143.23,116.08,102.08
S160,93.00,93.48,88.93,88.90,89.89,93.46,91.56,89.85,59.11,0.86,-0.06,-4.49,-4.96,-10.02,-11.27,-5.80,-0.80,5.01,78.77,99.64,121.38,130.21,129.90,111.60
S161,107.93,102.33,97.90,94.90,93.70,102.49,112.48,116.54,107.82,84.82,42.22,0.15,-0.10,-2.20,-1.53,-0.01,2.06,49.08,86.32,100.10,114.35,110.27,100.72,90.00
S162,101.10,93.16,87.12,86.56,93.08,106.82,128.49,132.80,114.67,85.90,70.00,54.05,13.44,0.62,0.00,0.00,25.33,71.91,97.60,114.36,130.47,139.29,126.93,108.00
S163,111.49,109.91,102.02,99.23,94.89,107.60,130.76,116.85,85.98,59.46,2.00,-0.05,-1.01,-3.00,-4.32,-1.33,0.00,66.00,87.79,109.41,132.90,112.29,106.12,95.49
S164,93.84,83.00,76.86,69.74,67.02,55.66,39.02,3.71,0.00,-0.50,-2.00,-8.21,-19.92,-39.98,-52.56,-53.06,-38.89,-16.71,-0.01,39.65,60.88,69.55,65.07,51.13
S165,73.99,71.20,66.15,66.88,68.06,64.52,54.68,20.30,7.74,0.00,-2.02,-9.08,-35.72,-38.00,-25.75,-6.70,-0.37,8.86,83.38,121.55,127.27,117.68,121.39,109.00
S166,105.72,91.64,86.94,84.00,83.28,88.39,112.43,123.49,108.92,84.49,60.28,14.02,1.62,0.07,0.00,0.00,13.61,70.00,89.24,116.00,186.10,190.00,129.18,106.90
S167,103.98,98.26,94.95,94.19,95.24,102.51,118.76,107.01,98.59,70.74,4.34,-0.61,-0.86,-4.91,-6.20,-2.56,8.65,79.23,103.36,129.08,241.80,241.38,138.19,116.36
S168,113.00,106.80,101.50,95.84,97.01,103.57,112.35,114.90,111.39,78.97,21.77,1.17,-0.23,-1.04,-2.30,-2.17,0.99,74.00,107.15,116.40,140.99,175.32,133.06,115.35
S169,70.30,63.80,63.79,64.51,72.50,84.92,89.12,92.24,78.96,18.64,-0.01,-6.11,-12.76,-26.45,-32.75,-32.69,-25.00,-13.11,-1.01,20.00,83.50,90.00,97.78,89.53
S170,77.08,66.79,63.79,58.12,66.52,69.75,88.15,88.02,41.27,-0.01,-4.01,-12.41,-20.09,-22.75,-19.27,-7.56,-3.06,2.09,61.77,97.25,123.90,122.49,97.41,98.02
S171,84.50,78.83,75.67,80.41,82.39,88.90,105.58,113.20,107.70,90.94,79.12,67.45,54.53,28.30,7.87,9.88,29.92,70.68,91.73,107.15,124.86,134.94,126.24,107.70
S172,94.70,89.61,82.02,76.59,70.27,75.40,74.00,58.84,27.80,2.34,0.01,-0.04,-1.00,-2.01,-3.09,-1.01,-1.00,2.97,62.73,95.03,108.99,123.86,119.84,103.50
S173,95.07,89.42,89.66,86.82,85.31,85.30,86.39,74.92,47.52,1.99,0.00,-0.26,-5.40,-20.10,-24.01,-15.45,-2.69,0.01,77.44,102.14,111.98,118.07,113.73,101.00
S174,118.84,107.42,101.92,99.12,101.00,108.22,134.20,143.67,152.29,131.99,108.64,108.98,90.24,71.00,53.02,50.67,52.51,72.30,87.95,92.27,97.28,109.92,110.09,95.82
S175,97.15,86.85,83.86,84.65,85.10,96.15,113.66,116.46,113.59,95.66,84.68,77.77,65.67,46.69,37.78,48.32,71.13,84.73,99.01,115.98,135.34,138.24,119.79,104.90
S176,97.63,93.99,86.67,83.43,84.26,90.41,105.74,112.63,111.92,104.21,89.80,85.65,81.96,78.62,68.06,69.20,80.86,89.09,95.49,108.37,119.72,129.04,120.71,110.55
S177,103.76,98.33,89.96,84.81,85.76,89.00,104.05,110.33,105.92,93.10,85.00,77.07,70.17,55.26,49.78,66.18,74.79,82.71,94.98,109.73,120.75,132.00,125.07,114.18
S178,91.29,88.94,89.27,100.41,101.70,98.27,97.20,80.59,77.86,44.58,9.04,2.07,0.00,-0.01,0.00,9.09,69.33,92.74,100.26,112.00,116.00,115.01,114.85,105.05
S179,87.08,79.73,83.48,83.30,83.49,96.22,113.96,126.56,123.91,109.64,105.99,98.88,84.90,81.73,85.79,87.96,90.95,104.30,105.82,119.69,123.25,120.09,108.76,100.04
S180,106.76,100.70,97.73,96.65,96.45,94.89,97.13,96.10,87.96,85.85,79.59,75.20,66.42,49.87,50.09,68.07,74.81,84.20,98.20,106.60,121.95,127.07,116.72,108.80
S181,100.00,88.77,83.50,79.67,79.51,89.52,108.88,121.97,118.37,105.45,97.25,90.96,81.79,77.52,68.33,73.97,77.28,88.12,97.20,103.59,114.14,114.34,105.26,92.43
S182,95.72,90.00,86.89,84.71,87.07,93.30,108.87,107.52,105.87,93.60,89.26,68.20,44.29,27.89,41.66,70.90,84.30,96.64,115.34,193.30,226.64,154.52,123.21,106.27
S183,91.28,85.34,86.86,86.63,87.73,89.93,89.89,81.03,76.24,32.59,9.96,0.10,-0.20,-0.93,-1.25,0.65,13.81,72.40,96.69,110.00,110.66,110.14,105.10,102.54
S184,91.99,87.13,84.33,83.85,89.46,99.27,118.51,130.13,109.87,88.84,72.06,45.93,20.04,14.23,18.34,54.56,70.94,90.32,109.87,185.50,197.42,124.67,107.49,102.00
S185,101.01,94.82,88.20,86.37,90.09,102.50,111.10,109.95,98.05,88.57,69.64,43.23,22.85,8.97,15.26,30.89,60.60,91.48,101.91,120.51,128.62,111.06,104.41,97.20
S186,96.11,90.73,87.52,90.88,92.37,108.59,115.60,116.89,107.79,97.32,85.85,77.64,69.49,66.09,56.26,68.20,72.39,92.88,103.20,106.39,110.73,110.73,105.00,95.78
S187,95.33,89.32,87.76,85.21,85.56,85.60,86.67,86.78,83.57,62.90,14.69,3.29,1.32,0.06,0.07,3.52,12.10,72.19,100.31,112.22,123.67,120.43,111.16,105.28
S188,97.15,91.92,87.89,87.09,90.23,98.72,121.63,143.79,143.95,121.84,112.27,108.13,100.89,100.96,100.89,100.66,96.10,129.84,160.85,210.00,153.16,124.18,107.11,92.15
S189,92.50,86.56,83.30,81.51,83.39,87.72,95.02,98.09,89.64,78.60,36.46,5.23,0.00,-0.01,-0.01,-0.38,9.48,81.10,103.90,127.07,129.98,120.39,104.94,90.30
S190,97.25,90.74,85.95,81.72,81.23,86.97,103.20,112.34,109.13,85.30,29.04,0.03,-0.10,-0.10,-0.28,0.00,3.89,63.46,102.35,110.92,104.00,94.17,80.68,54.25
S191,95.25,86.10,85.26,85.20,85.60,97.36,119.16,132.13,125.75,100.40,87.83,84.15,78.25,72.19,70.17,77.53,85.00,90.96,108.95,154.53,150.75,117.10,107.71,100.70
S192,101.21,100.59,99.57,97.84,96.96,98.01,102.60,100.91,95.98,79.11,11.35,0.00,-0.02,-0.86,-0.99,-0.01,40.99,87.60,116.47,158.39,139.54,109.95,92.95,82.56
S193,79.66,85.74,84.70,82.27,83.79,95.60,109.90,148.14,125.53,102.05,85.83,76.14,65.35,60.84,69.65,78.46,99.72,124.28,196.61,413.66,308.52,152.00,123.93,113.12
S194,32.83,33.23,20.94,16.35,29.15,51.84,95.29,105.73,102.01,48.07,1.85,-1.66,-5.11,-8.66,-6.19,-4.00,-0.01,57.69,108.71,155.36,152.24,113.96,102.85,96.66
S195,20.00,3.87,1.39,0.01,0.00,0.90,20.27,54.31,40.40,0.90,-0.47,-2.61,-8.00,-14.27,-13.70,-8.90,-5.24,-0.53,14.01,53.93,47.37,5.33,2.91,0.06
S196,87.24,77.91,74.99,74.80,74.79,80.21,88.51,86.97,75.29,24.90,3.02,-0.28,-6.10,-10.86,-5.10,-0.04,26.36,93.84,124.58,134.10,99.08,81.95,74.50,48.30
S197,8.07,3.70,3.46,1.65,2.08,3.23,4.41,5.23,3.01,1.31,0.00,-0.09,-1.20,-2.02,-1.31,-0.01,9.47,85.18,113.96,120.57,118.84,104.68,96.35,91.68
S198,87.33,83.57,79.21,79.21,80.35,93.59,118.69,130.00,130.00,108.57,91.82,77.86,74.04,71.17,70.23,78.39,84.79,100.13,128.08,140.92,130.00,114.24,97.72,89.99
S199,73.30,69.69,67.81,68.09,71.69,77.33,108.55,124.26,124.99,104.88,77.95,69.24,38.18,16.03,20.10,43.66,75.00,88.79,117.04,121.47,123.75,105.83,94.77,81.09
S200,78.48,75.00,73.17,73.18,74.93,82.00,107.74,120.33,123.56,110.41,89.84,85.36,78.96,73.16,75.05,79.99,98.81,109.80,123.65,133.02,119.61,106.21,96.90,89.90
