time_utc,dry_bulb_c,wet_bulb_c,pv_kw
2026-07-20T12:00Z,24.7,17.0,266.9
2026-07-20T12:30Z,25.2,16.9,259.5
2026-07-20T13:00Z,25.4,17.2,252.2
2026-07-20T13:30Z,25.8,17.5,241.0
2026-07-20T14:00Z,25.8,17.4,232.9
2026-07-20T14:30Z,25.8,17.4,218.4
2026-07-20T15:00Z,25.7,17.5,198.9
2026-07-20T15:30Z,25.5,17.4,177.9
2026-07-20T16:00Z,24.7,17.2,155.9
2026-07-20T16:30Z,24.5,17.2,135.1
2026-07-20T17:00Z,23.7,16.7,112.4
2026-07-20T17:30Z,23.0,16.7,86.5
2026-07-20T18:00Z,22.6,16.5,64.6
2026-07-20T18:30Z,21.6,16.0,42.2
2026-07-20T19:00Z,21.0,15.7,21.7
2026-07-20T19:30Z,20.5,15.4,5.2
2026-07-20T20:00Z,20.1,15.1,0.0
2026-07-20T20:30Z,18.9,14.6,0.0
2026-07-20T21:00Z,18.7,14.3,0.0
2026-07-20T21:30Z,18.0,14.2,0.0
2026-07-20T22:00Z,16.9,13.9,0.0
2026-07-20T22:30Z,15.7,13.1,0.0
2026-07-20T23:00Z,15.4,12.8,0.0
2026-07-20T23:30Z,15.4,12.8,0.0
2026-07-21T00:00Z,14.9,12.6,0.0
2026-07-21T00:30Z,15.0,12.7,0.0
2026-07-21T01:00Z,14.8,12.7,0.0
2026-07-21T01:30Z,14.7,12.7,0.0
2026-07-21T02:00Z,14.5,12.4,0.0
2026-07-21T02:30Z,14.2,12.3,0.0
2026-07-21T03:00Z,13.8,12.3,0.0
2026-07-21T03:30Z,14.0,12.1,0.0
2026-07-21T04:00Z,14.0,12.3,5.2
2026-07-21T04:30Z,14.9,12.7,21.6
2026-07-21T05:00Z,15.5,13.1,41.4
2026-07-21T05:30Z,16.0,13.5,63.7
2026-07-21T06:00Z,16.8,13.6,87.1
2026-07-21T06:30Z,18.0,13.9,110.9
2026-07-21T07:00Z,18.7,14.4,132.8
2026-07-21T07:30Z,19.1,14.7,158.7
2026-07-21T08:00Z,19.9,15.1,178.0
2026-07-21T08:30Z,20.6,15.1,196.1
2026-07-21T09:00Z,21.4,15.6,216.0
2026-07-21T09:30Z,21.9,15.6,228.6
2026-07-21T10:00Z,22.5,15.9,247.2
2026-07-21T10:30Z,22.9,16.2,251.7
2026-07-21T11:00Z,23.6,16.2,257.8
2026-07-21T11:30Z,23.9,16.8,266.2
2026-07-21T12:00Z,24.6,17.0,266.5
2026-07-21T12:30Z,24.9,17.1,258.5
2026-07-21T13:00Z,25.6,17.4,250.3
2026-07-21T13:30Z,25.8,17.7,247.2
2026-07-21T14:00Z,25.7,17.6,233.0
2026-07-21T14:30Z,25.8,17.6,216.1
2026-07-21T15:00Z,25.7,17.5,199.7
2026-07-21T15:30Z,25.2,17.6,176.6
2026-07-21T16:00Z,24.7,17.4,155.1
2026-07-21T16:30Z,24.3,17.1,135.8
2026-07-21T17:00Z,23.7,16.8,110.8
2026-07-21T17:30Z,22.8,16.7,87.4
2026-07-21T18:00Z,22.4,16.4,64.0
2026-07-21T18:30Z,21.8,16.1,42.5
2026-07-21T19:00Z,21.2,15.7,21.5
2026-07-21T19:30Z,20.8,15.3,5.2
2026-07-21T20:00Z,19.6,15.1,0.0
2026-07-21T20:30Z,19.4,15.0,0.0
2026-07-21T21:00Z,18.5,14.4,0.0
2026-07-21T21:30Z,17.6,14.2,0.0
2026-07-21T22:00Z,17.3,13.6,0.0
2026-07-21T22:30Z,16.2,13.1,0.0
2026-07-21T23:00Z,15.2,12.9,0.0
2026-07-21T23:30Z,15.4,12.8,0.0
2026-07-22T00:00Z,15.0,12.8,0.0
2026-07-22T00:30Z,14.7,12.8,0.0
2026-07-22T01:00Z,14.5,12.6,0.0
2026-07-22T01:30Z,14.4,12.4,0.0
2026-07-22T02:00Z,14.4,12.5,0.0
2026-07-22T02:30Z,14.2,12.4,0.0
2026-07-22T03:00Z,14.1,12.2,0.0
2026-07-22T03:30Z,13.7,12.3,0.0
2026-07-22T04:00Z,14.2,12.4,5.2
2026-07-22T04:30Z,14.9,12.8,22.0
2026-07-22T05:00Z,15.7,13.1,41.4
2026-07-22T05:30Z,16.2,13.3,63.3
2026-07-22T06:00Z,16.8,13.9,86.4
2026-07-22T06:30Z,17.5,13.9,110.4
2026-07-22T07:00Z,18.3,14.2,133.3
2026-07-22T07:30Z,19.1,14.8,159.1
2026-07-22T08:00Z,19.8,15.0,181.4
2026-07-22T08:30Z,20.3,15.2,196.1
2026-07-22T09:00Z,21.3,15.3,216.2
2026-07-22T09:30Z,21.8,15.7,230.2
2026-07-22T10:00Z,22.1,15.8,247.0
2026-07-22T10:30Z,22.7,16.2,253.6
2026-07-22T11:00Z,23.6,16.3,262.8
2026-07-22T11:30Z,24.0,16.8,259.6
